,Record,GFvGA
0,0.6923076923076923,0.5466101694915254
