,Record,GFvGA
0,0.6818181818181818,0.6194444444444445
