,Record,GFvGA
0,0.5769230769230769,0.6049382716049383
