,Record,GFvGA
0,0.5384615384615384,0.5596330275229358
