,Record,GFvGA
0,0.08333333333333333,0.13901345291479822
