,Record,GFvGA
0,0.46153846153846156,0.4656319290465632
