,Record,GFvGA
0,0.34615384615384615,0.4004739336492891
