,Record,GFvGA
0,0.15384615384615385,0.3166023166023166
