,Record,GFvGA
0,0.46153846153846156,0.4822222222222222
