,Record,GFvGA
0,0.7307692307692307,0.6274944567627494
