,Record,GFvGA
0,0.8461538461538461,0.6708860759493671
