,Record,GFvGA
0,0.7083333333333334,0.6666666666666666
