,Record,GFvGA
0,0.46153846153846156,0.5609756097560976
