,Record,GFvGA
0,0.8076923076923077,0.6064814814814815
