,Record,GFvGA
0,0.46153846153846156,0.5092592592592593
