,Record,GFvGA
0,0.19230769230769232,0.2717678100263852
