,Record,GFvGA
0,0.19230769230769232,0.3790849673202614
