,Record,GFvGA
0,0.34782608695652173,0.459546925566343
