,Record,GFvGA
0,0.2916666666666667,0.3333333333333333
