,Record,GFvGA
0,0.6521739130434783,0.534516765285996
