,Record,GFvGA
0,0.13043478260869565,0.2868020304568528
