,Record,GFvGA
0,0.15384615384615385,0.20153061224489796
