,Record,GFvGA
0,0.9230769230769231,0.7096069868995634
