,Record,GFvGA
0,0.6923076923076923,0.6294117647058823
