,Record,GFvGA
0,0.4166666666666667,0.4609571788413098
