,Record,GFvGA
0,0.5416666666666666,0.5553470919324578
