,Record,GFvGA
0,0.5652173913043478,0.49625935162094764
