,Record,GFvGA
0,0.045454545454545456,0.13817330210772832
