,Record,GFvGA
0,0.5384615384615384,0.5379876796714579
