,Record,GFvGA
0,0.37037037037037035,0.5057251908396947
