,Record,GFvGA
0,0.5769230769230769,0.6091954022988506
