,Record,GFvGA
0,0.5769230769230769,0.5265700483091788
