,Record,GFvGA
0,0.8076923076923077,0.7090069284064665
