,Record,GFvGA
0,0.45454545454545453,0.47105788423153694
