,Record,GFvGA
0,0.4583333333333333,0.45618556701030927
