,Record,GFvGA
0,0.7083333333333334,0.6714876033057852
