,Record,GFvGA
0,0.20833333333333334,0.271264367816092
