,Record,GFvGA
0,0.6153846153846154,0.5754716981132075
