,Record,GFvGA
0,0.3333333333333333,0.4048582995951417
