,Record,GFvGA
0,0.11538461538461539,0.29195402298850576
