,Record,GFvGA
0,0.8461538461538461,0.7041942604856513
