,Record,GFvGA
0,0.2692307692307692,0.38073394495412843
