,Record,GFvGA
0,0.19230769230769232,0.3392857142857143
