,Record,GFvGA
0,0.09090909090909091,0.25252525252525254
