,Record,GFvGA
0,0.4166666666666667,0.43315508021390375
